"Model","Scenario","Region","Variable","Unit","2005","2010","2015","2020","2025","2030","2035","2040","2045","2050","2055","2060"
"GCAM 7.1","trn_EVcost-20_241121","Africa_Eastern","Sales|Transportation|Light-Duty Vehicle","million",0.414234516133467,0.651464916478643,0.952140401365315,0.415584855361022,0.509067065909777,0.821118800109032,1.05230962917142,1.31520506682435,1.60389987110607,1.98770225882288,2.75262390117822,3.40261923917676
"GCAM 7.1","trn_EVcost-20_241121","Africa_Northern","Sales|Transportation|Light-Duty Vehicle","million",2.1539263813465,3.17907415412058,4.08834405974741,1.52289862078309,1.95042231323337,2.79219278612251,3.15379588066499,3.45904759060549,3.58986556078858,3.90465742331963,4.59546900064616,4.77501049672106
"GCAM 7.1","trn_EVcost-20_241121","Africa_Southern","Sales|Transportation|Light-Duty Vehicle","million",0.322729834884584,0.51221463003824,0.777103490693009,0.184643029069415,0.351086350543932,0.530193460608984,0.626391269176767,0.761026870102568,0.908657499588676,1.1442539237527,1.55740749056189,1.9003817072604
"GCAM 7.1","trn_EVcost-20_241121","Africa_Western","Sales|Transportation|Light-Duty Vehicle","million",1.27465427499072,1.54936898598616,2.40947697565154,0.624992489860876,1.17393306602507,2.09217540737075,2.59941607687989,3.22301862833803,3.93051064235575,4.92939092896325,6.6477302198331,7.9993852097282
"GCAM 7.1","trn_EVcost-20_241121","Argentina","Sales|Transportation|Light-Duty Vehicle","million",1.29877853239657,1.44775901639344,1.68995245901639,0.320274644808743,0.679670494925839,0.905206713505074,0.928940819672131,1.00692260733802,0.967534113973458,1.07640960187354,1.17430819672131,1.20408110850898
"GCAM 7.1","trn_EVcost-20_241121","Australia_NZ","Sales|Transportation|Light-Duty Vehicle","million",3.04284639915592,3.33194716099731,3.70056538482238,1.13953483060747,1.43168339138068,1.90277762446326,1.96331874528812,2.14246879638993,2.14949190210601,2.3343806188593,2.49455399448049,2.611746720757
"GCAM 7.1","trn_EVcost-20_241121","Brazil","Sales|Transportation|Light-Duty Vehicle","million",4.11161108916573,5.6217400256484,7.02014531560028,1.65621278656697,2.5537583000468,3.47548462184406,3.41874397431193,3.66529011108724,3.4435521749882,3.69368114821517,3.85805457619518,3.82072718966291
"GCAM 7.1","trn_EVcost-20_241121","Canada","Sales|Transportation|Light-Duty Vehicle","million",5.26204321814856,6.28973359015681,6.61578649312244,1.83925176019704,2.30931993562826,3.13678011513641,3.16871736365827,3.42867850874392,3.29499102491027,3.54596128841431,3.75916860626744,3.87211631078992
"GCAM 7.1","trn_EVcost-20_241121","Central America and Caribbean","Sales|Transportation|Light-Duty Vehicle","million",0.986120100702576,1.13481152287276,1.37399410070258,0.464421725214676,0.624261697892272,0.894992674473068,0.980266497267759,1.12515486416862,1.20155495706479,1.35867875722092,1.55243498282592,1.67878854879001
"GCAM 7.1","trn_EVcost-20_241121","Central Asia","Sales|Transportation|Light-Duty Vehicle","million",1.15384908740826,1.55009249730483,1.92718580904542,0.750693419076628,0.949694143124138,1.33551258985863,1.47513861414105,1.56841779989361,1.5607928404977,1.63837156724744,1.83377149851471,1.91817629850718
"GCAM 7.1","trn_EVcost-20_241121","China","Sales|Transportation|Light-Duty Vehicle","million",2.67160714650873,4.09844135752722,6.3464373709432,2.5608559291074,3.14379840464988,3.69484937367214,3.62992327662297,3.65314405605883,3.31273982121218,3.29563403163931,3.49878104298499,3.21517589388423
"GCAM 7.1","trn_EVcost-20_241121","Colombia","Sales|Transportation|Light-Duty Vehicle","million",0.593227985948478,0.682250741608119,1.0098,0.335670944574551,0.475132489461358,0.637197197501952,0.69034224824356,0.784244309133489,0.815960257611241,0.909719555035129,1.01961949258392,1.08326544106167
"GCAM 7.1","trn_EVcost-20_241121","EU-12","Sales|Transportation|Light-Duty Vehicle","million",6.29389802994329,7.83502395881939,8.33869180960935,2.6164023862293,2.64831266882135,3.57231308870953,3.64911613257567,3.70426802334428,3.27352188555795,3.35579875266623,3.69025293369641,3.65886497747968
"GCAM 7.1","trn_EVcost-20_241121","EU-15","Sales|Transportation|Light-Duty Vehicle","million",55.2325087018801,55.1976480734673,55.9496976746337,14.8075524418541,18.0092092573172,23.3858870369379,24.1456055478955,25.9858053369086,24.1058604690998,25.6371886087489,26.8600000389299,27.3107780588164
"GCAM 7.1","trn_EVcost-20_241121","Europe_Eastern","Sales|Transportation|Light-Duty Vehicle","million",1.33357137799705,1.67446483944317,1.43153566522453,0.486796456874921,0.530702883855812,0.752609374673402,0.843840882132786,0.889288819444771,0.855765534396964,0.905770405476021,1.04973430177434,1.11371287599392
"GCAM 7.1","trn_EVcost-20_241121","Europe_Non_EU","Sales|Transportation|Light-Duty Vehicle","million",3.33590608489409,4.06857531307255,6.01110768755615,1.85783573797544,2.42257746353636,3.04235639544426,3.21400744061632,3.41783704247091,3.27449651694177,3.44881977452629,3.7512225506786,3.84134248478503
"GCAM 7.1","trn_EVcost-20_241121","European Free Trade Association","Sales|Transportation|Light-Duty Vehicle","million",1.85579949661696,1.97651349954053,1.9887361545271,0.524562959481443,0.661479267035452,0.853059668716783,0.876609316165833,0.943786949575288,0.883267497438441,0.949808400130764,1.00159111369331,1.02138318083528
"GCAM 7.1","trn_EVcost-20_241121","India","Sales|Transportation|Light-Duty Vehicle","million",0.936098159980325,1.63413942095855,2.29046747431007,1.2520403811974,1.58520636125043,1.77852878199989,2.15534880846519,2.35014360973618,2.45454017124072,2.66116718102966,3.18577375818867,3.38612992034254
"GCAM 7.1","trn_EVcost-20_241121","Indonesia","Sales|Transportation|Light-Duty Vehicle","million",1.45663647501512,1.94457896975722,2.81687638702127,1.07377592879262,1.39839367211723,1.83881083895802,2.07599986801477,2.25314573384477,2.2507349697945,2.40697427862531,2.73597116273887,2.75344050574888
"GCAM 7.1","trn_EVcost-20_241121","Japan","Sales|Transportation|Light-Duty Vehicle","million",10.6990412348801,10.498306989474,10.2646863044658,2.36660554566161,2.93000261171863,3.87076356630936,3.7548874095536,3.89649016436709,3.3830661180674,3.53741026540031,3.63577164893716,3.5581776577872
"GCAM 7.1","trn_EVcost-20_241121","Mexico","Sales|Transportation|Light-Duty Vehicle","million",3.70956949336456,4.47082268930523,4.64518115768931,1.46159092896175,1.86136477205308,2.62659931202186,2.7650856715847,3.02524483575332,3.02830851428571,3.33420956143638,3.7081637665886,3.84572794535519
"GCAM 7.1","trn_EVcost-20_241121","Middle East","Sales|Transportation|Light-Duty Vehicle","million",9.85891404571429,13.2698232542529,16.2318973110656,4.30380760541477,5.79342764235322,8.96521048243523,9.7020061383671,10.5453382018644,10.4137533533125,11.4547487285714,13.8081079142857,14.42035475
"GCAM 7.1","trn_EVcost-20_241121","Pakistan","Sales|Transportation|Light-Duty Vehicle","million",0.676465280838033,0.985791049911998,1.21314650504993,0.438392534409827,0.451909661899259,0.709617625343045,0.877727922133576,0.985868731844601,1.03383338086129,1.16299812812341,1.47190249245826,1.64292379442799
"GCAM 7.1","trn_EVcost-20_241121","Russia","Sales|Transportation|Light-Duty Vehicle","million",5.30971341370982,6.73251892362664,7.50152861305828,1.7929240118258,2.1604666273415,3.38177977563001,3.42559165716492,3.47118422414402,3.07271526685717,3.20867714448467,3.59969457774095,3.67493001313454
"GCAM 7.1","trn_EVcost-20_241121","South Africa","Sales|Transportation|Light-Duty Vehicle","million",1.13457602045726,1.31299756176072,1.56818743163993,0.383454738031004,0.509071725884339,0.782319993601401,0.822567374089647,0.863002137562388,0.815529034558777,0.877150062554133,1.00708013115746,1.01442303229443
"GCAM 7.1","trn_EVcost-20_241121","South America_Northern","Sales|Transportation|Light-Duty Vehicle","million",1.29330582357533,1.52049117174083,1.48483417252147,0,0,0.144647581889149,0.380123045199063,0.381506435050742,0.286256693793911,0.356467525284934,0.455008579469165,0.513599033567525
"GCAM 7.1","trn_EVcost-20_241121","South America_Southern","Sales|Transportation|Light-Duty Vehicle","million",1.25808480093677,1.87877728337237,2.49986026541764,0.838999219359875,1.12326581576893,1.59761449648712,1.682712490242,1.87294284153005,1.91993974238876,2.10533988290398,2.32486432474629,2.41871842310695
"GCAM 7.1","trn_EVcost-20_241121","South Asia","Sales|Transportation|Light-Duty Vehicle","million",0.30218686419422,0.551072388494683,0.753501254097576,0.327350377020501,0.393781657802332,0.501726899040879,0.603576861138646,0.668678048516578,0.696859972522327,0.777514647791854,0.973045721154173,1.08080444524572
"GCAM 7.1","trn_EVcost-20_241121","South Korea","Sales|Transportation|Light-Duty Vehicle","million",2.16152319057115,2.34835067738736,2.73606229061204,0.889053784444881,1.04958853197271,1.42564035019868,1.41411183249928,1.45590861215146,1.35082887981358,1.38171857011154,1.42008890558901,1.37208384037734
"GCAM 7.1","trn_EVcost-20_241121","Southeast Asia","Sales|Transportation|Light-Duty Vehicle","million",3.3000516320672,3.89788356700428,5.11590920756618,1.82009557355284,2.39624402616204,3.00631872773221,3.39954544360625,3.68712450886961,3.67483272271317,4.0134194550487,4.65645468157306,4.80168997196439
"GCAM 7.1","trn_EVcost-20_241121","Taiwan","Sales|Transportation|Light-Duty Vehicle","million",0.847617637494717,0.84522090705332,0.913763931027204,0.20260849781615,0.261118881042477,0.335433744605095,0.343262773750206,0.354293139077865,0.295620845641356,0.309960191264599,0.328769984244217,0.31395624364984
"GCAM 7.1","trn_EVcost-20_241121","USA","Sales|Transportation|Light-Duty Vehicle","million",43.4979151421739,43.7564468530819,50.9474375891959,14.1665086439865,17.4881173034939,22.6693602402527,22.9073149039872,24.3639889938444,22.8034774898104,24.2305767639299,25.505094798375,25.9747906125011
"GCAM 7.1","trn_EVcost-20_241121","World","Sales|Transportation|Light-Duty Vehicle","million",177.779011473094,196.448345990658,222.614040746999,63.4253927881186,79.8260684842476,107.459079345652,112.726345914281,121.248465598585,116.652759725299,125.934559431473,139.912516388812,145.199305932262
"GCAM 7.1","trn_EVcost-20_241121","Africa_Eastern","Sales|Transportation|Light-Duty Vehicle|Battery-Electric","million",0,0,0,0,0.0193135759906927,0.170521133330456,0.232875021424831,0.287582232737311,0.353005013982888,0.422439803676258,0.576894427870272,0.697966921924193
"GCAM 7.1","trn_EVcost-20_241121","Africa_Northern","Sales|Transportation|Light-Duty Vehicle|Battery-Electric","million",0,0,0,0,0.0866045391513776,0.563045961551706,0.642130374295373,0.671816360739076,0.66383241286686,0.676319617251193,0.773751735705349,0.802371420322532
"GCAM 7.1","trn_EVcost-20_241121","Africa_Southern","Sales|Transportation|Light-Duty Vehicle|Battery-Electric","million",0,0,0,0,0.0121386676845704,0.0907909121791489,0.112845508453375,0.138443491215304,0.165050861343083,0.20134700358827,0.27850870946011,0.346001691023826
"GCAM 7.1","trn_EVcost-20_241121","Africa_Western","Sales|Transportation|Light-Duty Vehicle|Battery-Electric","million",0,0,0,0,0.0542062517983964,0.43743053512354,0.546448946140628,0.659480376652428,0.791083635582126,0.953890042206855,1.27751130786257,1.52980876307794
"GCAM 7.1","trn_EVcost-20_241121","Argentina","Sales|Transportation|Light-Duty Vehicle|Battery-Electric","million",0,0,0,0,0.144521389539422,0.361182201405152,0.37108243559719,0.397482513661202,0.379698672911788,0.413913739266198,0.451133177205308,0.461725448868072
"GCAM 7.1","trn_EVcost-20_241121","Australia_NZ","Sales|Transportation|Light-Duty Vehicle|Battery-Electric","million",0,0,0,0,0.222500127010579,0.668058244259733,0.683512831775912,0.722977168129342,0.700373800043443,0.729427264297918,0.773637897630912,0.80505233898987
"GCAM 7.1","trn_EVcost-20_241121","Brazil","Sales|Transportation|Light-Duty Vehicle|Battery-Electric","million",0,0,0,0,0.651638685351677,1.52155522296162,1.48103963434333,1.55300863986434,1.41376031928686,1.46017135638364,1.51336475430948,1.48902486949291
"GCAM 7.1","trn_EVcost-20_241121","Canada","Sales|Transportation|Light-Duty Vehicle|Battery-Electric","million",0,0,0,0,0.445851058331343,1.21470465637363,1.21616996030226,1.27618222775483,1.18237162872537,1.21615036400276,1.27957938494932,1.31262284490099
"GCAM 7.1","trn_EVcost-20_241121","Central America and Caribbean","Sales|Transportation|Light-Duty Vehicle|Battery-Electric","million",0,0,0,0,0.154632708821233,0.390004293520687,0.424165807962529,0.47651725214676,0.497433801717408,0.547249102263856,0.622238095238095,0.669851678376268
"GCAM 7.1","trn_EVcost-20_241121","Central Asia","Sales|Transportation|Light-Duty Vehicle|Battery-Electric","million",0,0,0,0,0.176201998898393,0.5473542136458,0.621062626814238,0.654290381654952,0.640688645447398,0.652305983042788,0.720377370926056,0.743713544584473
"GCAM 7.1","trn_EVcost-20_241121","China","Sales|Transportation|Light-Duty Vehicle|Battery-Electric","million",0,0,0,0,0.579198448975127,1.5555169222916,1.53758063361058,1.50818700876507,1.32167735833277,1.25107537291383,1.29645093064719,1.17062170480527
"GCAM 7.1","trn_EVcost-20_241121","Colombia","Sales|Transportation|Light-Duty Vehicle|Battery-Electric","million",0,0,0,0,0.115220296643247,0.278261904761905,0.301945901639344,0.33560156128025,0.34096018735363,0.369036299765808,0.411052224824356,0.43474387197502
"GCAM 7.1","trn_EVcost-20_241121","EU-12","Sales|Transportation|Light-Duty Vehicle|Battery-Electric","million",0,0,0,0,0.339759525705119,1.18548682365658,1.2492144524753,1.25651923738496,1.09276159645475,1.09281602571094,1.190725709095,1.17145037999893
"GCAM 7.1","trn_EVcost-20_241121","EU-15","Sales|Transportation|Light-Duty Vehicle|Battery-Electric","million",0,0,0,0,2.14635606483272,7.11291436554494,7.28747270848541,7.60757700436757,6.84073477154854,6.95624110848191,7.2142484582895,7.27050530159868
"GCAM 7.1","trn_EVcost-20_241121","Europe_Eastern","Sales|Transportation|Light-Duty Vehicle|Battery-Electric","million",0,0,0,0,0.0840706723096551,0.272837955530866,0.314540644110405,0.327831482414308,0.30980100462769,0.319340636578052,0.365737958826271,0.383107378411332
"GCAM 7.1","trn_EVcost-20_241121","Europe_Non_EU","Sales|Transportation|Light-Duty Vehicle|Battery-Electric","million",0,0,0,0,0.288358251890182,0.96821678990044,1.03258149269503,1.07331473714261,0.999214745755495,1.0129083506649,1.08740018880151,1.09996142301959
"GCAM 7.1","trn_EVcost-20_241121","European Free Trade Association","Sales|Transportation|Light-Duty Vehicle|Battery-Electric","million",0,0,0,0,0.0779166779258867,0.261314413328534,0.267838244430784,0.280553834244547,0.253549199168088,0.260932718694985,0.272658262101085,0.275688781279416
"GCAM 7.1","trn_EVcost-20_241121","India","Sales|Transportation|Light-Duty Vehicle|Battery-Electric","million",0,0,0,0,0.0682073900322692,0.346292193663211,0.427712122661364,0.448632551439862,0.44593193386747,0.451317846793477,0.527565082487413,0.549431726384465
"GCAM 7.1","trn_EVcost-20_241121","Indonesia","Sales|Transportation|Light-Duty Vehicle|Battery-Electric","million",0,0,0,0,0.0688944522534095,0.394256839140106,0.452577448443747,0.471392745984903,0.452530047502031,0.457976866891226,0.515912008275191,0.51573173773328
"GCAM 7.1","trn_EVcost-20_241121","Japan","Sales|Transportation|Light-Duty Vehicle|Battery-Electric","million",0,0,0,0,0.606775997813542,1.49859769392937,1.43133663812881,1.44640055507445,1.23713775060144,1.24911555543489,1.27301375614036,1.2369320810633
"GCAM 7.1","trn_EVcost-20_241121","Mexico","Sales|Transportation|Light-Duty Vehicle|Battery-Electric","million",0,0,0,0,0.444319203747073,1.12608508977361,1.19770960187354,1.30131303669009,1.29113270882123,1.38851053864169,1.52895394223263,1.57288446526151
"GCAM 7.1","trn_EVcost-20_241121","Middle East","Sales|Transportation|Light-Duty Vehicle|Battery-Electric","million",0,0,0,0,0.690392113309973,2.77499083974776,3.15153459177551,3.4356732340573,3.37453975097536,3.64140714285714,4.36595714285714,4.52813142857143
"GCAM 7.1","trn_EVcost-20_241121","Pakistan","Sales|Transportation|Light-Duty Vehicle|Battery-Electric","million",0,0,0,0,0.0175571503429366,0.125340686197172,0.157103424075401,0.168191418153289,0.168402693995112,0.178391223972052,0.223723050904983,0.248094993172726
"GCAM 7.1","trn_EVcost-20_241121","Russia","Sales|Transportation|Light-Duty Vehicle|Battery-Electric","million",0,0,0,0,0.411492488830932,1.4060720187179,1.46496278546444,1.47102538874007,1.27997005889359,1.29813150548214,1.44126505882298,1.45240258548045
"GCAM 7.1","trn_EVcost-20_241121","South Africa","Sales|Transportation|Light-Duty Vehicle|Battery-Electric","million",0,0,0,0,0.02992550373314,0.194577073747922,0.20518995356513,0.205425566364394,0.183851372283051,0.183604575388042,0.203969850282525,0.200990307546366
"GCAM 7.1","trn_EVcost-20_241121","South America_Northern","Sales|Transportation|Light-Duty Vehicle|Battery-Electric","million",0,0,0,0,0,0.0566548555815769,0.151386807181889,0.150790241998439,0.111672521467603,0.135770647931304,0.173003903200625,0.194811241217799
"GCAM 7.1","trn_EVcost-20_241121","South America_Southern","Sales|Transportation|Light-Duty Vehicle|Battery-Electric","million",0,0,0,0,0.276932786885246,0.706221701795472,0.74340281030445,0.812226385636222,0.8154012490242,0.869325526932084,0.954112412177986,0.987205308352849
"GCAM 7.1","trn_EVcost-20_241121","South Asia","Sales|Transportation|Light-Duty Vehicle|Battery-Electric","million",0,0,0,0,0.0165121554203957,0.0983923994056772,0.122494115601408,0.130693404202471,0.129103846400531,0.134969662809108,0.166433729238329,0.18315560177854
"GCAM 7.1","trn_EVcost-20_241121","South Korea","Sales|Transportation|Light-Duty Vehicle|Battery-Electric","million",0,0,0,0,0.158389180853596,0.543020003514706,0.530890555986937,0.528825912295941,0.47142846125229,0.457851000777663,0.46349245921862,0.442209787696931
"GCAM 7.1","trn_EVcost-20_241121","Southeast Asia","Sales|Transportation|Light-Duty Vehicle|Battery-Electric","million",0,0,0,0,0.135558499149548,0.71543970238007,0.823821442674124,0.864690553158874,0.826887885787429,0.84856922203652,0.970416134632907,0.991954344665499
"GCAM 7.1","trn_EVcost-20_241121","Taiwan","Sales|Transportation|Light-Duty Vehicle|Battery-Electric","million",0,0,0,0,0.0143999360259865,0.0806845705513296,0.0837657264648263,0.0828228661472699,0.0656049311949985,0.0640176338271283,0.0662833166000976,0.0620967102586262
"GCAM 7.1","trn_EVcost-20_241121","USA","Sales|Transportation|Light-Duty Vehicle|Battery-Electric","million",0,0,0,0,2.05471453419953,7.07238312421253,7.16592828190981,7.48731657886557,6.8381406562436,7.00178819905306,7.27007368191405,7.37790521099608
"GCAM 7.1","trn_EVcost-20_241121","World","Sales|Transportation|Light-Duty Vehicle|Battery-Electric","million",0,0,0,0,10.5925603334572,34.7382053417248,36.4323235306679,38.232785948964,35.6377335234581,36.8963119376177,40.2494461227282,41.2081558928292
"GCAM 7.1","trn_EVcost-20_241121","Africa_Eastern","Sales|Transportation|Light-Duty Vehicle|Fuel-Cell-Electric","million",0,0,0,0,0.000461180595393025,0.00879446604543115,0.0112107678296371,0.0167218368462423,0.0260209925347775,0.040360548276668,0.0584657698282855,0.0750107318146198
"GCAM 7.1","trn_EVcost-20_241121","Africa_Northern","Sales|Transportation|Light-Duty Vehicle|Fuel-Cell-Electric","million",0,0,0,0,0.00209316122357334,0.0306410207397035,0.0328371169265512,0.0424707147409577,0.0532854296441901,0.0692437892681854,0.0822905646369798,0.0882364944938614
"GCAM 7.1","trn_EVcost-20_241121","Africa_Southern","Sales|Transportation|Light-Duty Vehicle|Fuel-Cell-Electric","million",0,0,0,0,0.000347510689081035,0.00569698347010075,0.0063783478114969,0.00944337759193316,0.013974058316908,0.0212320125933156,0.0300976861844728,0.0384992273533415
"GCAM 7.1","trn_EVcost-20_241121","Africa_Western","Sales|Transportation|Light-Duty Vehicle|Fuel-Cell-Electric","million",0,0,0,0,0.00128192059714135,0.023121272671766,0.0268824643596244,0.039663254138998,0.0601455167844113,0.093075848605249,0.130189490905591,0.162645036226405
"GCAM 7.1","trn_EVcost-20_241121","Argentina","Sales|Transportation|Light-Duty Vehicle|Fuel-Cell-Electric","million",0,0,0,0,0.0131890741608119,0.0710292740046838,0.0725149804839969,0.0902350195160031,0.100440046838407,0.128371818891491,0.141430991412959,0.146729195940671
"GCAM 7.1","trn_EVcost-20_241121","Australia_NZ","Sales|Transportation|Light-Duty Vehicle|Fuel-Cell-Electric","million",0,0,0,0,0.0332068336928447,0.197516437656929,0.202463381120126,0.253876960764897,0.294410606926463,0.367127902018344,0.395419252360404,0.418848431764845
"GCAM 7.1","trn_EVcost-20_241121","Brazil","Sales|Transportation|Light-Duty Vehicle|Fuel-Cell-Electric","million",0,0,0,0,0.0725358940175606,0.327058934653372,0.317939334445575,0.380725018253562,0.401483784188958,0.483675039907174,0.508704935537906,0.505172028268661
"GCAM 7.1","trn_EVcost-20_241121","Canada","Sales|Transportation|Light-Duty Vehicle|Fuel-Cell-Electric","million",0,0,0,0,0.0334168146294741,0.258396315590482,0.26095971372261,0.3377792374138,0.385583044745015,0.487381880719123,0.518261785750699,0.542117068262436
"GCAM 7.1","trn_EVcost-20_241121","Central America and Caribbean","Sales|Transportation|Light-Duty Vehicle|Fuel-Cell-Electric","million",0,0,0,0,0.0147528508977361,0.081505987509758,0.0889799297423888,0.116697892271663,0.142734894613583,0.183172911787666,0.209672989851678,0.228614597970336
"GCAM 7.1","trn_EVcost-20_241121","Central Asia","Sales|Transportation|Light-Duty Vehicle|Fuel-Cell-Electric","million",0,0,0,0,0.00842667583103047,0.0755885828347072,0.0856842154818117,0.111703206428864,0.13662032699831,0.174995315817472,0.19679884378369,0.207360616146542
"GCAM 7.1","trn_EVcost-20_241121","China","Sales|Transportation|Light-Duty Vehicle|Fuel-Cell-Electric","million",0,0,0,0,0.0412816300267877,0.220200944565925,0.214153434841783,0.243163655239434,0.25267243485295,0.287516450905855,0.311949521906398,0.291040221036114
"GCAM 7.1","trn_EVcost-20_241121","Colombia","Sales|Transportation|Light-Duty Vehicle|Fuel-Cell-Electric","million",0,0,0,0,0.0102894293520687,0.0536471896955504,0.0582505152224824,0.0755871740827478,0.0899033567525371,0.114283762685402,0.128717720530835,0.137608118657299
"GCAM 7.1","trn_EVcost-20_241121","EU-12","Sales|Transportation|Light-Duty Vehicle|Fuel-Cell-Electric","million",0,0,0,0,0.0170046252538664,0.188224595654747,0.198971950320255,0.255029394606624,0.284201404768356,0.36426258299201,0.406185798215235,0.406782642217449
"GCAM 7.1","trn_EVcost-20_241121","EU-15","Sales|Transportation|Light-Duty Vehicle|Fuel-Cell-Electric","million",0,0,0,0,0.339120380996799,2.1102301204367,2.19061120833236,2.76094963139379,2.99492797497923,3.69429370134961,3.89203076865646,3.98706840667193
"GCAM 7.1","trn_EVcost-20_241121","Europe_Eastern","Sales|Transportation|Light-Duty Vehicle|Fuel-Cell-Electric","million",0,0,0,0,0.0040440708606185,0.0383533427173908,0.0445179152327733,0.0576969074979874,0.0684746230292302,0.088763893661995,0.103624474500628,0.110605365860548
"GCAM 7.1","trn_EVcost-20_241121","Europe_Non_EU","Sales|Transportation|Light-Duty Vehicle|Fuel-Cell-Electric","million",0,0,0,0,0.022984800519177,0.197550534975416,0.212378724399581,0.276457843969967,0.324200053439484,0.415111820056091,0.45524954599739,0.470115370420093
"GCAM 7.1","trn_EVcost-20_241121","European Free Trade Association","Sales|Transportation|Light-Duty Vehicle|Fuel-Cell-Electric","million",0,0,0,0,0.0122424286612688,0.0767494811144498,0.0792887874539581,0.0999672747008712,0.109693118005942,0.13711766153714,0.145689308975952,0.149555483776862
"GCAM 7.1","trn_EVcost-20_241121","India","Sales|Transportation|Light-Duty Vehicle|Fuel-Cell-Electric","million",0,0,0,0,0.0024415125420103,0.0306763656055723,0.0364863710721234,0.0490369013826444,0.063900421967117,0.0848014638630539,0.102296641155285,0.109999219086286
"GCAM 7.1","trn_EVcost-20_241121","Indonesia","Sales|Transportation|Light-Duty Vehicle|Fuel-Cell-Electric","million",0,0,0,0,0.00245852179607562,0.0347950272174682,0.0376253440382211,0.0492376019263205,0.0616295811459844,0.0819158529456848,0.0962219159686838,0.100177702570275
"GCAM 7.1","trn_EVcost-20_241121","Japan","Sales|Transportation|Light-Duty Vehicle|Fuel-Cell-Electric","million",0,0,0,0,0.0611980289966885,0.317092192501334,0.306016747176991,0.363217459737595,0.365408018321493,0.43473352068981,0.44967714687725,0.442942558629019
"GCAM 7.1","trn_EVcost-20_241121","Mexico","Sales|Transportation|Light-Duty Vehicle|Fuel-Cell-Electric","million",0,0,0,0,0.0409661280249805,0.22533637782982,0.239531147540984,0.303342701014832,0.351528883684621,0.443947619047619,0.494514832162373,0.515035987509758
"GCAM 7.1","trn_EVcost-20_241121","Middle East","Sales|Transportation|Light-Duty Vehicle|Fuel-Cell-Electric","million",0,0,0,0,0.149072499983411,0.754579048646515,0.814791618590483,0.960893900516677,1.0453802101305,1.25668807142857,1.53122735714286,1.61396264285714
"GCAM 7.1","trn_EVcost-20_241121","Pakistan","Sales|Transportation|Light-Duty Vehicle|Fuel-Cell-Electric","million",0,0,0,0,0.000662626719928192,0.011626158660465,0.0139140342852558,0.0190615792165875,0.0250533208260331,0.0351168061661055,0.0458886858343944,0.0527485300639834
"GCAM 7.1","trn_EVcost-20_241121","Russia","Sales|Transportation|Light-Duty Vehicle|Fuel-Cell-Electric","million",0,0,0,0,0.0194393951519888,0.192331498891332,0.201219958854517,0.250513847761714,0.273550233738354,0.348785549179209,0.394824613849174,0.406012701431618
"GCAM 7.1","trn_EVcost-20_241121","South Africa","Sales|Transportation|Light-Duty Vehicle|Fuel-Cell-Electric","million",0,0,0,0,0.000662624494492521,0.00971419177493095,0.00981912626937566,0.0122616450040606,0.0140979244287582,0.0180787783383972,0.0211226542199981,0.0217657464564115
"GCAM 7.1","trn_EVcost-20_241121","South America_Northern","Sales|Transportation|Light-Duty Vehicle|Fuel-Cell-Electric","million",0,0,0,0,0,0.0128569789227166,0.0335549648711944,0.0383411475409836,0.0328540983606557,0.0466360967993755,0.0599185402029664,0.06816
"GCAM 7.1","trn_EVcost-20_241121","South America_Southern","Sales|Transportation|Light-Duty Vehicle|Fuel-Cell-Electric","million",0,0,0,0,0.0250481030444965,0.137650897736144,0.143693598750976,0.181587041373927,0.212099219359875,0.265722482435597,0.29502193598751,0.309013583138173
"GCAM 7.1","trn_EVcost-20_241121","South Asia","Sales|Transportation|Light-Duty Vehicle|Fuel-Cell-Electric","million",0,0,0,0,0.000540910671911349,0.00780914199769441,0.0092181222882809,0.0124252236819131,0.0157414734124754,0.0215218487625635,0.0274063484293524,0.0311558759772253
"GCAM 7.1","trn_EVcost-20_241121","South Korea","Sales|Transportation|Light-Duty Vehicle|Fuel-Cell-Electric","million",0,0,0,0,0.00534359549465163,0.0622901308512271,0.0615791342171978,0.080247095345063,0.0942733952789708,0.120391449849785,0.124437955445461,0.12115831750644
"GCAM 7.1","trn_EVcost-20_241121","Southeast Asia","Sales|Transportation|Light-Duty Vehicle|Fuel-Cell-Electric","million",0,0,0,0,0.00480469967426131,0.0604727159193504,0.0667137129651238,0.087951700776485,0.108514116411004,0.145095888023121,0.17354558893775,0.185143117739952
"GCAM 7.1","trn_EVcost-20_241121","Taiwan","Sales|Transportation|Light-Duty Vehicle|Fuel-Cell-Electric","million",0,0,0,0,0.000436997947335686,0.00609522723584218,0.00604144268028035,0.00763788210605897,0.00791250965471478,0.0101381372441223,0.0109213524606673,0.0106162589441412
"GCAM 7.1","trn_EVcost-20_241121","USA","Sales|Transportation|Light-Duty Vehicle|Fuel-Cell-Electric","million",0,0,0,0,0.15502042742,1.29599454347899,1.34636966886803,1.75129158723422,1.99334938782476,2.53151493314321,2.67041742728642,2.77735540946493
"GCAM 7.1","trn_EVcost-20_241121","World","Sales|Transportation|Light-Duty Vehicle|Fuel-Cell-Electric","million",0,0,0,0,1.09477535396746,7.12362598160652,7.43059778019605,9.33521571407742,10.4040644619641,12.995075438989,14.2122224449957,14.7312566882574
"GCAM 7.1","trn_EVcost-20_241121","Africa_Eastern","Stocks|Transportation|Light-Duty Vehicle","million",2.89320101523233,4.50409649191487,6.51016031089677,8.14508294931644,10.0252133574668,13.5462442115338,16.9808333878401,20.8019722008625,25.3112689446019,30.4126693111683,37.9730491391188,46.9218919154848
"GCAM 7.1","trn_EVcost-20_241121","Africa_Northern","Stocks|Transportation|Light-Duty Vehicle","million",15.0013766264585,21.9180418594945,27.8943050026993,32.0046992416467,37.6008989984846,44.102528421202,49.7868726599809,54.6848580614471,59.3087355330985,63.4615605929898,69.2570287425132,74.3368359491295
"GCAM 7.1","trn_EVcost-20_241121","Africa_Southern","Stocks|Transportation|Light-Duty Vehicle","million",2.25409116321554,3.54133841850504,5.31299746179451,5.52121304575882,6.70191949376398,8.53029669978169,10.2973581093317,12.23546653414,14.5977003134501,17.3639086392739,21.4494217321712,26.2524054262637
"GCAM 7.1","trn_EVcost-20_241121","Africa_Western","Stocks|Transportation|Light-Duty Vehicle","million",8.90277453903054,10.7120085616736,16.4745589014561,17.4568349769443,22.5278712386641,31.2176107612205,39.46741562369,48.4660145864019,59.1183494113454,71.3693134230174,88.7138854625638,108.571000219358
"GCAM 7.1","trn_EVcost-20_241121","Argentina","Stocks|Transportation|Light-Duty Vehicle","million",8.36660408806081,9.54700446137532,11.1918261419358,10.8883238912997,12.8520065432619,15.2154193733285,16.6637086677675,17.8808348305152,18.927332575329,19.9294821391097,21.1720868666355,22.2644613449909
"GCAM 7.1","trn_EVcost-20_241121","Australia_NZ","Stocks|Transportation|Light-Duty Vehicle","million",15.7761866205615,17.2750882826427,19.1862660271845,21.1761210776506,22.95475435083,25.3670362918314,27.3889667647244,29.4302713475116,31.584412748498,33.7114756264704,35.7644274368635,37.8301794921655
"GCAM 7.1","trn_EVcost-20_241121","Brazil","Stocks|Transportation|Light-Duty Vehicle","million",28.4952267396972,39.1535153074845,49.1261308469477,50.4442616506874,58.2613828917347,65.7888314891794,68.921675282869,71.3629127329028,73.1468379273737,74.4712636314479,75.4317732770349,75.6919125592968
"GCAM 7.1","trn_EVcost-20_241121","Canada","Stocks|Transportation|Light-Duty Vehicle","million",26.9273910907428,32.1864270416932,33.8545211019758,36.2145991831011,38.2962651824677,41.6435832380052,44.2688447283992,46.8307936143885,49.3576939503837,51.8026735994934,54.1113229870006,56.4171430111814
"GCAM 7.1","trn_EVcost-20_241121","Central America and Caribbean","Stocks|Transportation|Light-Duty Vehicle","million",6.92197389271086,7.99339870212643,9.7094832743081,10.7657978938053,12.9972419118841,16.3335207906744,18.3996574319859,20.5038907042949,22.7476286974661,25.0817881294342,28.014974158296,30.8734339946954
"GCAM 7.1","trn_EVcost-20_241121","Central Asia","Stocks|Transportation|Light-Duty Vehicle","million",7.24893008051629,9.74878502474615,12.1995337583478,14.279062375001,17.5120266707812,23.278410923287,26.5088012495059,28.9431544222735,30.7961145253881,32.0874796514575,34.3556088722741,36.5670756407425
"GCAM 7.1","trn_EVcost-20_241121","China","Stocks|Transportation|Light-Duty Vehicle","million",52.8791049782667,82.0663922811308,121.572354293443,120.289637462583,122.261479154125,126.947334876452,125.158478777061,121.236943055216,115.176635281778,109.463182290402,104.173469860112,97.9275070440296
"GCAM 7.1","trn_EVcost-20_241121","Colombia","Stocks|Transportation|Light-Duty Vehicle","million",4.0993096655157,4.64613178358241,6.95019740964982,7.69076651526449,9.32915817125779,11.3704564491488,12.69046696197,14.0018698220035,15.3274170175443,16.6705144795343,18.2938687513159,19.8197660933083
"GCAM 7.1","trn_EVcost-20_241121","EU-12","Stocks|Transportation|Light-Duty Vehicle","million",30.9787590226222,38.6597534127693,41.3106611345919,45.0860747930575,46.2384936645614,48.8156387542838,50.0560651850169,50.3446280681523,50.1861786472882,49.9166691998256,50.5091978976296,50.9168982202376
"GCAM 7.1","trn_EVcost-20_241121","EU-15","Stocks|Transportation|Light-Duty Vehicle","million",248.776946669447,249.363835974993,253.519180125665,267.769976075239,277.615692573009,290.871111867608,303.089099281371,315.243310061013,327.329993977769,338.628195618102,347.959251567244,356.652478331698
"GCAM 7.1","trn_EVcost-20_241121","Europe_Eastern","Stocks|Transportation|Light-Duty Vehicle","million",8.1684171711389,10.287562957608,8.81861519946277,9.80315479075426,10.8886277715253,13.3009699017888,14.5623539311762,15.4876630824112,16.2096102681364,16.7962459366284,18.1129063878609,19.4721737535804
"GCAM 7.1","trn_EVcost-20_241121","Europe_Non_EU","Stocks|Transportation|Light-Duty Vehicle","million",16.378120729433,20.098413385137,30.2033219921153,33.3241940257512,36.8443760630734,41.3337058971319,45.2010999998971,48.6392916871306,51.7968860867543,54.6383497309238,57.7250252988385,60.482024860884
"GCAM 7.1","trn_EVcost-20_241121","European Free Trade Association","Stocks|Transportation|Light-Duty Vehicle","million",8.3587519719432,8.9289939656236,9.01101300904353,9.51147345922422,9.95951756730739,10.4843452749828,10.9684546741355,11.4381267024739,11.9167493309553,12.4010348471636,12.835181948662,13.2397515084756
"GCAM 7.1","trn_EVcost-20_241121","India","Stocks|Transportation|Light-Duty Vehicle","million",37.2880912766774,64.954924155004,90.738156382193,101.005897653994,102.698388390453,101.012225044292,102.163947561217,100.403157604635,97.6610694226608,95.6130982363213,94.9137531839267,93.9715924935048
"GCAM 7.1","trn_EVcost-20_241121","Indonesia","Stocks|Transportation|Light-Duty Vehicle","million",49.9251634883369,66.5689122875452,95.9683484574065,96.1734448567403,93.3044551182569,90.8007736708271,88.1996409908074,85.5163520102639,82.254103977935,79.5504458550389,78.1687047182626,76.3540710830524
"GCAM 7.1","trn_EVcost-20_241121","Japan","Stocks|Transportation|Light-Duty Vehicle","million",65.0776033634932,63.8572497986593,62.4368080750089,63.5935816756166,63.782190218977,65.8500921352186,65.998645630886,65.7861543021722,65.4322683030928,64.9742565633196,64.4640476167011,63.8664715280529
"GCAM 7.1","trn_EVcost-20_241121","Mexico","Stocks|Transportation|Light-Duty Vehicle","million",26.0541405648065,31.5146136799939,32.8581845059459,35.8102921901018,41.1875600998859,48.9308331772291,53.3054427444441,57.1606574445932,60.8826917429271,64.6888058040368,69.5659346346698,73.8771098540704
"GCAM 7.1","trn_EVcost-20_241121","Middle East","Stocks|Transportation|Light-Duty Vehicle","million",64.9993702285714,86.1480496045978,105.071619888661,114.04751081995,125.025071194026,145.629226893482,161.190619288494,175.392036894974,188.621654477543,201.036024035714,214.608783547619,227.111822666667
"GCAM 7.1","trn_EVcost-20_241121","Pakistan","Stocks|Transportation|Light-Duty Vehicle","million",20.1444143004794,24.5592467095231,35.9279009999441,41.0361867459762,44.1308317181231,47.1188082955645,51.1064216615494,53.5754647051047,53.7682604283359,53.4332104438413,53.557756907664,53.2756721589757
"GCAM 7.1","trn_EVcost-20_241121","Russia","Stocks|Transportation|Light-Duty Vehicle","million",32.5462117713792,41.3717239966645,46.2202447682545,47.196129004735,49.7753749270495,58.0765359203072,61.0783321696912,62.5015068128947,62.9229217321132,62.8337358452105,64.751449774582,66.9281383006931
"GCAM 7.1","trn_EVcost-20_241121","South Africa","Stocks|Transportation|Light-Duty Vehicle","million",7.92439524121014,9.07778027040032,10.7223256298499,11.2150614494721,12.2344598064168,13.4245147801156,14.2721078240576,14.8618152025074,15.3365275087049,15.724311524892,16.4382939520561,17.0173760507534
"GCAM 7.1","trn_EVcost-20_241121","South America_Northern","Stocks|Transportation|Light-Duty Vehicle","million",9.05457445388411,10.7163975357917,10.5026544950745,3.84883279736659,3.75720444928872,4.85031438560809,5.50402079124734,6.09707141324695,6.71555787332434,7.37782282894024,8.4225558198375,9.50078379243716
"GCAM 7.1","trn_EVcost-20_241121","South America_Southern","Stocks|Transportation|Light-Duty Vehicle","million",8.79487346148557,13.0184530488731,17.3051462448678,19.187268041086,22.9006756895652,28.1421717430948,31.2168573162626,34.0566374740682,36.7991119186339,39.4393127940941,42.5490529718347,45.2871303131415
"GCAM 7.1","trn_EVcost-20_241121","South Asia","Stocks|Transportation|Light-Duty Vehicle","million",10.0788692579785,15.4696798206524,21.8280030562575,24.7380192600137,26.0423585026412,27.0972541833342,28.4447864822017,29.0851780093162,28.7022068855518,28.2861471442618,28.5254067715437,28.785276697329
"GCAM 7.1","trn_EVcost-20_241121","South Korea","Stocks|Transportation|Light-Duty Vehicle","million",12.0823764382567,13.1530826253063,15.356992798439,17.208238768685,19.4211748273494,22.2137360483289,23.5681638681296,24.4015576788191,24.8780286439506,25.0425731430555,25.0468987801613,24.7993515323466
"GCAM 7.1","trn_EVcost-20_241121","Southeast Asia","Stocks|Transportation|Light-Duty Vehicle","million",76.3915406365269,85.3453992077965,111.124547632103,116.141378090935,119.601110555184,121.990378724918,125.394746160387,127.150060044609,126.5608247286,126.227346833301,126.625566723847,126.263164593283
"GCAM 7.1","trn_EVcost-20_241121","Taiwan","Stocks|Transportation|Light-Duty Vehicle","million",29.0616801299603,28.9504059439796,31.1730590024997,29.7846764421557,28.6761991156413,28.561320197649,27.703134789259,26.919270534351,25.9800857509131,25.2869674465631,24.8413527801467,24.2680967835654
"GCAM 7.1","trn_EVcost-20_241121","USA","Stocks|Transportation|Light-Duty Vehicle","million",227.264127511599,228.615038750046,265.155692361866,284.397454056205,299.389441283148,320.779453037497,336.082667633225,350.058589596516,362.843147450982,374.78116925554,386.720624367691,398.684355482963
"GCAM 7.1","trn_EVcost-20_241121","World","Stocks|Transportation|Light-Duty Vehicle","million",1169.11459818924,1353.95174534733,1615.23481028989,1705.75524526012,1804.79342150021,1952.62468345891,2055.63968762858,2140.49751124121,2212.19800608243,2282.50103460057,2375.05266293668,2464.22735269636
"GCAM 7.1","trn_EVcost-20_241121","Africa_Eastern","Stocks|Transportation|Light-Duty Vehicle|Battery-Electric","million",0,0,0,0,0.108917616565766,1.03255373999796,2.10755469935983,3.22880951965506,4.36778815277621,5.52478673042514,7.11905664629707,8.9787027013188
"GCAM 7.1","trn_EVcost-20_241121","Africa_Northern","Stocks|Transportation|Light-Duty Vehicle|Battery-Electric","million",0,0,0,0,0.487122676322219,3.52641187172941,6.37102242340712,8.66394974073891,10.0809449226091,10.8901517629689,11.6313185812092,12.3362259618292
"GCAM 7.1","trn_EVcost-20_241121","Africa_Southern","Stocks|Transportation|Light-Duty Vehicle|Battery-Electric","million",0,0,0,0,0.0682227457992274,0.557692044686669,1.06557259055088,1.58816102803359,2.08998396717016,2.62224662356661,3.38040530898377,4.32048176184415
"GCAM 7.1","trn_EVcost-20_241121","Africa_Western","Stocks|Transportation|Light-Duty Vehicle|Battery-Electric","million",0,0,0,0,0.302833862202553,2.66362077222999,5.13893893324449,7.63750800261386,10.0700348468515,12.590940310675,15.9648081217203,19.8846363435797
"GCAM 7.1","trn_EVcost-20_241121","Argentina","Stocks|Transportation|Light-Duty Vehicle|Battery-Electric","million",0,0,0,0,0.809863956917534,2.67422075861892,4.19799220927066,5.436830590517,6.10295942543585,6.57764683884291,6.95042864460383,7.28621395756622
"GCAM 7.1","trn_EVcost-20_241121","Australia_NZ","Stocks|Transportation|Light-Duty Vehicle|Battery-Electric","million",0,0,0,0,1.1125006350529,4.22394347741034,6.73302774015375,8.71754148932781,9.80314706879292,10.3958614422106,10.749479307948,11.1627413603523
"GCAM 7.1","trn_EVcost-20_241121","Brazil","Stocks|Transportation|Light-Duty Vehicle|Battery-Electric","million",0,0,0,0,3.25819342675838,10.1957336810839,15.387658252287,19.3462189390771,20.9506967197025,21.536516390018,21.6659161316838,21.7068964942385
"GCAM 7.1","trn_EVcost-20_241121","Canada","Stocks|Transportation|Light-Duty Vehicle|Battery-Electric","million",0,0,0,0,2.22925529165671,7.84420647968322,12.232123158096,15.6272363469163,17.1738331657927,17.8278491376697,18.1089736954867,18.5109669164754
"GCAM 7.1","trn_EVcost-20_241121","Central America and Caribbean","Stocks|Transportation|Light-Duty Vehicle|Battery-Electric","million",0,0,0,0,0.867455654586525,2.88548916407339,4.66761862810606,6.25077834808352,7.39030524017456,8.29391449840311,9.16337316239894,10.0405539668864
"GCAM 7.1","trn_EVcost-20_241121","Central Asia","Stocks|Transportation|Light-Duty Vehicle|Battery-Electric","million",0,0,0,0,0.835496008419368,3.27474498158771,5.5489239951612,7.37359630616212,8.46641003808916,9.04357447422407,9.50020843650613,9.91097465409112
"GCAM 7.1","trn_EVcost-20_241121","China","Stocks|Transportation|Light-Duty Vehicle|Battery-Electric","million",0,0,0,0,2.89599224487563,10.1235690780564,15.7890878310468,19.71184974815,21.0376539730433,20.7535394462855,19.7476031956634,18.5392519268428
"GCAM 7.1","trn_EVcost-20_241121","Colombia","Stocks|Transportation|Light-Duty Vehicle|Battery-Electric","million",0,0,0,0,0.645790390961013,2.07854489642814,3.3395133971751,4.43766085492403,5.17167752486625,5.71077138726777,6.19044984111562,6.65656840914768
"GCAM 7.1","trn_EVcost-20_241121","EU-12","Stocks|Transportation|Light-Duty Vehicle|Battery-Electric","million",0,0,0,0,1.48012016103023,6.36518452951135,10.5053555314448,13.555143475661,14.681623666805,14.9392694503404,15.0004818688556,15.0029962586678
"GCAM 7.1","trn_EVcost-20_241121","EU-15","Stocks|Transportation|Light-Duty Vehicle|Battery-Electric","million",0,0,0,0,9.07134528368824,37.5139934986167,60.6690999078026,78.7570615728985,86.4830592340756,89.4114342811377,89.5036213605292,89.9078223033457
"GCAM 7.1","trn_EVcost-20_241121","Europe_Eastern","Stocks|Transportation|Light-Duty Vehicle|Battery-Electric","million",0,0,0,0,0.396058277912814,1.60904400488535,2.76357579895325,3.67493195734691,4.16660968456885,4.42867702804136,4.69471030651007,4.96142853244784
"GCAM 7.1","trn_EVcost-20_241121","Europe_Non_EU","Stocks|Transportation|Light-Duty Vehicle|Battery-Electric","million",0,0,0,0,1.44813265344777,5.93249019898467,9.83133680974267,12.9507956858599,14.6003260425221,15.4668699522708,16.0223623515857,16.5186155566172
"GCAM 7.1","trn_EVcost-20_241121","European Free Trade Association","Stocks|Transportation|Light-Duty Vehicle|Battery-Electric","million",0,0,0,0,0.329355382357773,1.37555988572099,2.2281062056929,2.89874889213145,3.19243311193677,3.32134750149384,3.34996144368497,3.38741688051718
"GCAM 7.1","trn_EVcost-20_241121","India","Stocks|Transportation|Light-Duty Vehicle|Battery-Electric","million",0,0,0,0,0.341036950161346,2.00753944232675,3.75113533923123,5.17510116214796,6.09165340653016,6.59059758881844,7.01725780537365,7.41104176969453
"GCAM 7.1","trn_EVcost-20_241121","Indonesia","Stocks|Transportation|Light-Duty Vehicle|Battery-Electric","million",0,0,0,0,0.37884094532861,2.4384034764693,4.36727306652209,5.88976220899766,6.73746265713499,7.15645326981929,7.49834047746005,7.74559164491013
"GCAM 7.1","trn_EVcost-20_241121","Japan","Stocks|Transportation|Light-Duty Vehicle|Battery-Electric","million",0,0,0,0,3.03387998906771,9.90277634889589,14.9144427791476,18.4668861113982,19.4155508031386,19.3530237409701,18.8650678804279,18.4526760458442
"GCAM 7.1","trn_EVcost-20_241121","Mexico","Stocks|Transportation|Light-Duty Vehicle|Battery-Electric","million",0,0,0,0,2.49323198983644,8.32496625539595,13.3220302656054,17.5054736402349,20.0877723311378,21.8901484741195,23.3911093322042,24.6953178892904
"GCAM 7.1","trn_EVcost-20_241121","Middle East","Stocks|Transportation|Light-Duty Vehicle|Battery-Electric","million",0,0,0,0,3.45196056654986,16.6853367186763,29.2212683541132,40.056391089426,46.8346901832691,51.62007,56.131675,60.2379260714286
"GCAM 7.1","trn_EVcost-20_241121","Pakistan","Stocks|Transportation|Light-Duty Vehicle|Battery-Electric","million",0,0,0,0,0.096383184963207,0.754316964191129,1.44110831644282,2.01268432340814,2.38297544266971,2.63382833372486,2.96639085235501,3.33983529967587
"GCAM 7.1","trn_EVcost-20_241121","Russia","Stocks|Transportation|Light-Duty Vehicle|Battery-Electric","million",0,0,0,0,1.94259411190157,8.22441989036068,13.462706319399,17.3009251006212,18.7013242500507,19.0928607988182,19.3693698038535,19.6977344918776
"GCAM 7.1","trn_EVcost-20_241121","South Africa","Stocks|Transportation|Light-Duty Vehicle|Battery-Electric","million",0,0,0,0,0.166496748185816,1.20523456682745,2.08255712726579,2.73098447060803,3.00386510674202,3.09322643333164,3.13912348597967,3.17357033956079
"GCAM 7.1","trn_EVcost-20_241121","South America_Northern","Stocks|Transportation|Light-Duty Vehicle|Battery-Electric","million",0,0,0,0,0,0.319861491852094,1.11396860534154,1.73713813841881,1.95870165084964,2.17999613500121,2.46521593983634,2.76182624391502
"GCAM 7.1","trn_EVcost-20_241121","South America_Southern","Stocks|Transportation|Light-Duty Vehicle|Battery-Electric","million",0,0,0,0,1.55226985334735,5.20629353609868,8.29426020963499,10.9035813706015,12.5681612690513,13.6981731096201,14.6186394335736,15.4503530301463
"GCAM 7.1","trn_EVcost-20_241121","South Asia","Stocks|Transportation|Light-Duty Vehicle|Battery-Electric","million",0,0,0,0,0.0908312815438547,0.605469391194548,1.13828692357489,1.57794494279175,1.85233782563851,2.02578690535507,2.24938677265592,2.50172691738443
"GCAM 7.1","trn_EVcost-20_241121","South Korea","Stocks|Transportation|Light-Duty Vehicle|Battery-Electric","million",0,0,0,0,0.774102694706554,3.26372375032628,5.16290406773504,6.51289584033936,7.0123436834161,7.03662211890718,6.82178930997192,6.59015576905778
"GCAM 7.1","trn_EVcost-20_241121","Southeast Asia","Stocks|Transportation|Light-Duty Vehicle|Battery-Electric","million",0,0,0,0,0.677792495747738,4.12621775494378,7.43806067927702,10.1389572635407,11.6899659232824,12.5346008052831,13.1226695523807,13.6471953800458
"GCAM 7.1","trn_EVcost-20_241121","Taiwan","Stocks|Transportation|Light-Duty Vehicle|Battery-Electric","million",0,0,0,0,0.0786233205450952,0.495539806012247,0.83730406660514,1.07931942469556,1.12876922747034,1.1062788320232,1.04873804008968,0.993066402477797
"GCAM 7.1","trn_EVcost-20_241121","USA","Stocks|Transportation|Light-Duty Vehicle|Battery-Electric","million",0,0,0,0,10.2735726709976,43.5221609388456,70.0334128803797,90.6373335504611,99.7647640380234,103.543861110808,104.26230634793,105.471053029063
"GCAM 7.1","trn_EVcost-20_241121","World","Stocks|Transportation|Light-Duty Vehicle|Battery-Electric","million",0,0,0,0,51.6982730714375,210.959263395722,345.157227111771,451.582201135788,505.059824583617,532.890924912441,551.710238438874,571.28156431014
"GCAM 7.1","trn_EVcost-20_241121","Africa_Eastern","Stocks|Transportation|Light-Duty Vehicle|Fuel-Cell-Electric","million",0,0,0,0,0.00270869237668054,0.0526468858226823,0.106565815880528,0.180208187448124,0.28776520944431,0.452515241216805,0.678865608067555,0.945885484671467
"GCAM 7.1","trn_EVcost-20_241121","Africa_Northern","Stocks|Transportation|Light-Duty Vehicle|Fuel-Cell-Electric","million",0,0,0,0,0.0122803719531095,0.185756363179819,0.337102308776774,0.507734012449962,0.687393644051111,0.905191949204028,1.12274401625638,1.31403963920317
"GCAM 7.1","trn_EVcost-20_241121","Africa_Southern","Stocks|Transportation|Light-Duty Vehicle|Fuel-Cell-Electric","million",0,0,0,0,0.00203210612779655,0.0341547329625033,0.0636990273983614,0.103781682364118,0.158331836777284,0.240716583261097,0.351204177978856,0.482866048249838
"GCAM 7.1","trn_EVcost-20_241121","Africa_Western","Stocks|Transportation|Light-Duty Vehicle|Fuel-Cell-Electric","million",0,0,0,0,0.00748721617446736,0.138216919774539,0.264526257542145,0.435221428173341,0.676209790928471,1.04774577531443,1.53327322919383,2.08645407305126
"GCAM 7.1","trn_EVcost-20_241121","Argentina","Stocks|Transportation|Light-Duty Vehicle|Fuel-Cell-Electric","million",0,0,0,0,0.0754379560662432,0.464567700405036,0.782338493081331,1.11825240844028,1.40003437564409,1.73603837018469,2.01193466346349,2.23662162238584
"GCAM 7.1","trn_EVcost-20_241121","Australia_NZ","Stocks|Transportation|Light-Duty Vehicle|Fuel-Cell-Electric","million",0,0,0,0,0.166034168464224,1.11946198600935,1.89559199819219,2.72102383231916,3.46689120211834,4.29793197962185,4.94551295569758,5.5094874710389
"GCAM 7.1","trn_EVcost-20_241121","Brazil","Stocks|Transportation|Light-Duty Vehicle|Fuel-Cell-Electric","million",0,0,0,0,0.362679470087803,1.92336820138411,3.10450762169315,4.27009438295072,5.11698381229837,6.00481687203589,6.62290254674178,7.04180994137325
"GCAM 7.1","trn_EVcost-20_241121","Canada","Stocks|Transportation|Light-Duty Vehicle|Fuel-Cell-Electric","million",0,0,0,0,0.16708407314737,1.42469510492761,2.43047540846953,3.55444279794882,4.53959452466616,5.66963342483287,6.51083243048593,7.20918594770309
"GCAM 7.1","trn_EVcost-20_241121","Central America and Caribbean","Stocks|Transportation|Light-Duty Vehicle|Fuel-Cell-Electric","million",0,0,0,0,0.0844157358870005,0.531849831716732,0.930286615198822,1.38542551760253,1.84585861510263,2.38450136123312,2.87637433307908,3.32690132965997
"GCAM 7.1","trn_EVcost-20_241121","Central Asia","Stocks|Transportation|Light-Duty Vehicle|Fuel-Cell-Electric","million",0,0,0,0,0.040148803322755,0.392344171202379,0.721011719072855,1.09309184154967,1.46851799542157,1.9041381771431,2.28185157947808,2.59169207898627
"GCAM 7.1","trn_EVcost-20_241121","China","Stocks|Transportation|Light-Duty Vehicle|Fuel-Cell-Electric","million",0,0,0,0,0.206408150133938,1.26743889532119,2.08701210233038,2.83715630691141,3.36155548765224,3.82284029951169,4.11845832932596,4.23356973660221
"GCAM 7.1","trn_EVcost-20_241121","Colombia","Stocks|Transportation|Light-Duty Vehicle|Fuel-Cell-Electric","million",0,0,0,0,0.0588675808473445,0.352562434755477,0.612242395822544,0.904266013568367,1.18510364463371,1.50919895397667,1.79340948363794,2.04110159059351
"GCAM 7.1","trn_EVcost-20_241121","EU-12","Stocks|Transportation|Light-Duty Vehicle|Fuel-Cell-Electric","million",0,0,0,0,0.0739022862465532,0.881351146948555,1.57247583194957,2.33811750026404,2.98558119819257,3.753231936346,4.3956363452618,4.84722173099476
"GCAM 7.1","trn_EVcost-20_241121","EU-15","Stocks|Transportation|Light-Duty Vehicle|Fuel-Cell-Electric","million",0,0,0,0,1.41053960519767,10.0308095828521,17.2068770489107,24.9482722178985,31.1261249672548,37.9261073696947,42.6825789257853,46.3200860213816
"GCAM 7.1","trn_EVcost-20_241121","Europe_Eastern","Stocks|Transportation|Light-Duty Vehicle|Fuel-Cell-Electric","million",0,0,0,0,0.0192465877187153,0.19798888260118,0.36978672707392,0.562518974796637,0.746934857860494,0.966406531461717,1.17469121642627,1.35304955569991
"GCAM 7.1","trn_EVcost-20_241121","Europe_Non_EU","Stocks|Transportation|Light-Duty Vehicle|Fuel-Cell-Electric","million",0,0,0,0,0.156495944264408,1.24352175728732,2.20711178919204,3.29412252085551,4.30752502454391,5.49293502545936,6.47939503034809,7.26618583059761
"GCAM 7.1","trn_EVcost-20_241121","European Free Trade Association","Stocks|Transportation|Light-Duty Vehicle|Fuel-Cell-Electric","million",0,0,0,0,0.0509270041488865,0.364661944483767,0.624276991210152,0.904593220124084,1.1336228022436,1.39326214066459,1.58192349081384,1.72777851334075
"GCAM 7.1","trn_EVcost-20_241121","India","Stocks|Transportation|Light-Duty Vehicle|Fuel-Cell-Electric","million",0,0,0,0,0.0122075627100515,0.16324625097109,0.314020377367206,0.492020796219106,0.690698580724757,0.931367469366983,1.16665481063499,1.36998355458531
"GCAM 7.1","trn_EVcost-20_241121","Indonesia","Stocks|Transportation|Light-Duty Vehicle|Fuel-Cell-Electric","million",0,0,0,0,0.0139944791875238,0.204234276942679,0.370554818641711,0.558918449612213,0.753631707784029,0.995234916763461,1.22926937717978,1.41824930609326
"GCAM 7.1","trn_EVcost-20_241121","Japan","Stocks|Transportation|Light-Duty Vehicle|Fuel-Cell-Electric","million",0,0,0,0,0.305990144983443,1.828506627882,2.97156773461377,4.08518000019099,4.80370930199133,5.53454111234603,5.98408490412325,6.27036947483563
"GCAM 7.1","trn_EVcost-20_241121","Mexico","Stocks|Transportation|Light-Duty Vehicle|Fuel-Cell-Electric","million",0,0,0,0,0.234429396508081,1.47151102589215,2.53614834382865,3.69150591239556,4.74656245055988,5.95655594691086,6.9829615281493,7.81340039973483
"GCAM 7.1","trn_EVcost-20_241121","Middle East","Stocks|Transportation|Light-Duty Vehicle|Fuel-Cell-Electric","million",0,0,0,0,0.745362499917055,4.37972665916652,7.61402804792014,10.7786731224359,13.3129376352439,15.8924182857143,18.4432177142857,20.713475
"GCAM 7.1","trn_EVcost-20_241121","Pakistan","Stocks|Transportation|Light-Duty Vehicle|Fuel-Cell-Electric","million",0,0,0,0,0.00375849915347341,0.0672848536652228,0.130155516555646,0.205762496460988,0.290649769940983,0.40408269639718,0.539431851980665,0.675756239093317
"GCAM 7.1","trn_EVcost-20_241121","Russia","Stocks|Transportation|Light-Duty Vehicle|Fuel-Cell-Electric","million",0,0,0,0,0.0926117328965712,0.990753538013051,1.74884335829413,2.55288911766672,3.20252486527637,3.97064001778113,4.64150744417797,5.17026778208302
"GCAM 7.1","trn_EVcost-20_241121","South Africa","Stocks|Transportation|Light-Duty Vehicle|Fuel-Cell-Electric","million",0,0,0,0,0.00386049102377559,0.0584572017655864,0.102560223344574,0.149647986817854,0.191470706009761,0.241734161408083,0.289880676534618,0.328560147824254
"GCAM 7.1","trn_EVcost-20_241121","South America_Northern","Stocks|Transportation|Light-Duty Vehicle|Fuel-Cell-Electric","million",0,0,0,0,0,0.0734882212865725,0.251219420681286,0.418581341373952,0.508435151727118,0.63789825237907,0.790258531963886,0.939924623030302
"GCAM 7.1","trn_EVcost-20_241121","South America_Southern","Stocks|Transportation|Light-Duty Vehicle|Fuel-Cell-Electric","million",0,0,0,0,0.14330297084152,0.898413229878967,1.53320921445145,2.22004610242962,2.85590150729817,3.57324845638517,4.17595576315015,4.67493490058355
"GCAM 7.1","trn_EVcost-20_241121","South Asia","Stocks|Transportation|Light-Duty Vehicle|Fuel-Cell-Electric","million",0,0,0,0,0.00308204747817157,0.0458742781825185,0.0875536629138957,0.136646916656982,0.18872573556229,0.25615683421164,0.333423756636537,0.410314913379546
"GCAM 7.1","trn_EVcost-20_241121","South Korea","Stocks|Transportation|Light-Duty Vehicle|Fuel-Cell-Electric","million",0,0,0,0,0.0262679003920505,0.325917454518282,0.560605033583944,0.826462469714355,1.07269146989138,1.36003334981483,1.55357085225887,1.66890477367787
"GCAM 7.1","trn_EVcost-20_241121","Southeast Asia","Stocks|Transportation|Light-Duty Vehicle|Fuel-Cell-Electric","million",0,0,0,0,0.0240234983713065,0.321779165119421,0.593138473411648,0.905826327956063,1.22415152428305,1.62036336446312,1.99885804021187,2.32552082667344
"GCAM 7.1","trn_EVcost-20_241121","Taiwan","Stocks|Transportation|Light-Duty Vehicle|Fuel-Cell-Electric","million",0,0,0,0,0.00247387800464244,0.0355589603663352,0.0613386044646159,0.0889667581396049,0.108302745121003,0.131461249853709,0.148430685907896,0.158920386141627
"GCAM 7.1","trn_EVcost-20_241121","USA","Stocks|Transportation|Light-Duty Vehicle|Fuel-Cell-Electric","million",0,0,0,0,0.775102137099998,7.09563124798142,12.3402795415153,18.239562821416,23.3932912082852,29.344996636735,33.6688330441584,37.1479561259374
"GCAM 7.1","trn_EVcost-20_241121","World","Stocks|Transportation|Light-Duty Vehicle|Fuel-Cell-Electric","million",0,0,0,0,5.28316299073263,38.5657795332662,66.5311105233829,96.5090134651512,121.837713348533,150.357944741693,173.107927343396,191.620475069207
"GCAM 7.1","trn_EVcost-20_241121","Africa_Eastern","Stocks|Transportation|Light-Duty Vehicle|Two-Wheeler","million",0.462683924080834,0.72876015804637,1.06306218177625,1.47058450412984,2.27391808883605,3.76233522171946,4.42621656405621,4.91338496598595,5.29970079086542,5.44336812964731,5.45441823345453,5.23529657773394
"GCAM 7.1","trn_EVcost-20_241121","Africa_Northern","Stocks|Transportation|Light-Duty Vehicle|Two-Wheeler","million",2.36607115871525,3.49883607405224,4.50911740541911,4.83434823861865,6.79674897270778,7.98978833392462,7.76828673772761,7.3894450657186,6.95890271231018,6.50844399878658,6.07496876563222,5.62161736084438
"GCAM 7.1","trn_EVcost-20_241121","Africa_Southern","Stocks|Transportation|Light-Duty Vehicle|Two-Wheeler","million",0.360477384835694,0.572978936516363,0.86729169441561,0.952513854542729,1.44247924778907,2.14916605085539,2.51221449212379,2.80980221469829,3.03141483454246,3.14703917518858,3.20762455506122,3.15287557637824
"GCAM 7.1","trn_EVcost-20_241121","Africa_Western","Stocks|Transportation|Light-Duty Vehicle|Two-Wheeler","million",1.42375217387995,1.73318384575679,2.69018671569649,2.99439130280753,5.50825009150396,8.38609429087753,9.30378526159886,9.81759293225915,10.0761722227472,10.0089128932388,9.72682559770397,9.17835748141799
"GCAM 7.1","trn_EVcost-20_241121","Argentina","Stocks|Transportation|Light-Duty Vehicle|Two-Wheeler","million",1.19134071505768,1.49372463219412,1.74716189265856,1.60738142364082,2.31692325164688,3.18689280985947,3.2279354831362,3.19478931679168,3.13696437081155,3.06801050816716,3.20209365716803,3.30998854378961
"GCAM 7.1","trn_EVcost-20_241121","Australia_NZ","Stocks|Transportation|Light-Duty Vehicle|Two-Wheeler","million",0.56195462478185,0.615352477656143,0.683439103072611,0.772936167962346,0.979604950023798,1.43749828124174,1.56038394415358,1.683309535142,1.8076127769845,1.92589772066212,2.04782643185785,2.17092918715955
"GCAM 7.1","trn_EVcost-20_241121","Brazil","Stocks|Transportation|Light-Duty Vehicle|Two-Wheeler","million",7.93717129386857,11.0448151792425,14.0254042689463,14.5055228649066,19.4523635322645,23.0130175495952,23.1489723936763,23.070756800047,22.7082389683518,22.2197697191269,21.6322262121874,20.8629304042687
"GCAM 7.1","trn_EVcost-20_241121","Canada","Stocks|Transportation|Light-Duty Vehicle|Two-Wheeler","million",0.617175,0.737759090909091,0.775588636363636,0.857236363636364,1.07933636363636,1.662775,1.82956136363636,2.00078863636364,2.16913409090909,2.33105909090909,2.47994090909091,2.638625
"GCAM 7.1","trn_EVcost-20_241121","Central America and Caribbean","Stocks|Transportation|Light-Duty Vehicle|Two-Wheeler","million",1.41733871706619,1.63065076054201,1.9718560600401,2.01339082797681,3.05683394124007,4.59488004605899,4.77828952963988,4.8668936943453,4.93567511578359,4.98186526687135,5.43757410993343,5.84811512973542
"GCAM 7.1","trn_EVcost-20_241121","Central Asia","Stocks|Transportation|Light-Duty Vehicle|Two-Wheeler","million",1.74697395253215,2.33377001221705,2.94573830258304,3.34569838410019,4.90570373772996,8.32412599232835,9.11457870991645,9.57097106012869,9.79604344413563,9.81624814857725,10.5689341116945,11.3241442357136
"GCAM 7.1","trn_EVcost-20_241121","China","Stocks|Transportation|Light-Duty Vehicle|Two-Wheeler","million",39.521069245723,61.5741854934947,89.8401674387275,81.9461166350248,77.8377835698426,77.8861348693031,73.177766193648,68.3013915972155,62.409789018674,57.6540421104568,53.2381718527099,48.7028477652283
"GCAM 7.1","trn_EVcost-20_241121","Colombia","Stocks|Transportation|Light-Duty Vehicle|Two-Wheeler","million",0.794722443913263,0.836837476990255,1.28170467708738,1.30955505456983,1.97623083801403,2.82355457931027,2.91728354586439,2.94851301736447,2.96102766155985,2.96271134585459,3.17118446211018,3.35189418706308
"GCAM 7.1","trn_EVcost-20_241121","EU-12","Stocks|Transportation|Light-Duty Vehicle|Two-Wheeler","million",3.49150468342097,4.31129951482317,4.61677269778748,4.55173366779158,4.89091686978463,5.93467555831834,5.62436590880327,5.33997025895224,5.06615794223301,4.81219575968591,4.62864541709333,4.42870022230398
"GCAM 7.1","trn_EVcost-20_241121","EU-15","Stocks|Transportation|Light-Duty Vehicle|Two-Wheeler","million",12.658237364057,12.6651676562184,12.8526379323128,13.4299665081298,14.8004026314728,19.0021228617332,19.6190301372459,20.1970021568674,20.7213467430376,21.1164111124587,21.481886663106,21.7832132355634
"GCAM 7.1","trn_EVcost-20_241121","Europe_Eastern","Stocks|Transportation|Light-Duty Vehicle|Two-Wheeler","million",1.82505132879777,2.29577086790844,1.96325779925683,2.04483556037685,2.65925960590743,4.24062977965225,4.425313643368,4.48281462287852,4.47528687154824,4.42871012211706,4.79500932050518,5.1678445361958
"GCAM 7.1","trn_EVcost-20_241121","Europe_Non_EU","Stocks|Transportation|Light-Duty Vehicle|Two-Wheeler","million",1.11264431100069,1.33888546054775,1.8490724262046,2.0530227021336,2.46050776229749,3.62680877081695,3.90050445004721,4.16458014298777,4.38600118072607,4.56024554109826,4.65224246501322,4.70450392281925
"GCAM 7.1","trn_EVcost-20_241121","European Free Trade Association","Stocks|Transportation|Light-Duty Vehicle|Two-Wheeler","million",0.425265044912522,0.453390284829839,0.456615807249358,0.478334638107661,0.530906270730035,0.656344873713731,0.683275419889882,0.708092135904535,0.730993433766193,0.751858018948726,0.772194997814084,0.790279669291994
"GCAM 7.1","trn_EVcost-20_241121","India","Stocks|Transportation|Light-Duty Vehicle|Two-Wheeler","million",32.6076004767758,56.7842270502112,79.2858190106427,85.5301049921185,83.0942210369247,78.258469114392,75.3783861201694,70.1925232892202,64.2819003170392,59.2682388557864,54.5550202885208,49.8193738400299
"GCAM 7.1","trn_EVcost-20_241121","Indonesia","Stocks|Transportation|Light-Duty Vehicle|Two-Wheeler","million",41.5235376794768,55.5063498775014,80.1696660545927,77.7086397019784,72.141411383908,66.6899549218569,60.7747064768492,55.3382635727071,49.7832812899637,45.1913832939743,41.2577970280974,37.5130411727781
"GCAM 7.1","trn_EVcost-20_241121","Japan","Stocks|Transportation|Light-Duty Vehicle|Two-Wheeler","million",11.5823971890929,11.3657148512892,11.1133765526798,11.209135448112,11.2476864452912,12.8094719651606,12.6975800465185,12.5257831444549,12.3364675607463,12.1047161874598,11.8656406195873,11.6034047607265
"GCAM 7.1","trn_EVcost-20_241121","Mexico","Stocks|Transportation|Light-Duty Vehicle|Two-Wheeler","million",5.34871726635072,6.44889527384145,6.69816261275115,6.83066040187049,9.46868643754289,12.9783689534526,13.2218320626659,13.1781529731531,13.0519753824575,12.8907237904741,13.5295591176531,14.0309001169582
"GCAM 7.1","trn_EVcost-20_241121","Middle East","Stocks|Transportation|Light-Duty Vehicle|Two-Wheeler","million",15.7048,19.7989333333333,23.9121333333333,27.0710666666667,31.3565333333333,38.0885066666667,38.7324666666667,39.61988,40.0469333333333,40.48292,38.9805333333333,37.0617466666667
"GCAM 7.1","trn_EVcost-20_241121","Pakistan","Stocks|Transportation|Light-Duty Vehicle|Two-Wheeler","million",16.2507616569637,18.9751018518756,29.1377217735933,33.2357480864896,35.9603042004266,37.9383073574651,40.3217046693306,41.2215693068504,39.830658648527,37.8845453833368,35.5423181822502,32.5988466549264
"GCAM 7.1","trn_EVcost-20_241121","Russia","Stocks|Transportation|Light-Duty Vehicle|Two-Wheeler","million",7.28842381851674,9.23869025653545,10.2963468104258,10.1733869827218,12.5168258359733,17.8340897113191,17.9808929235051,17.7029396655343,17.179801420928,16.5512495843707,17.0740135214389,17.6408857683291
"GCAM 7.1","trn_EVcost-20_241121","South Africa","Stocks|Transportation|Light-Duty Vehicle|Two-Wheeler","million",1.26728027238538,1.46876383415524,1.75088545641307,1.92685614602271,2.65696642044035,2.91916608486804,2.78435650641924,2.63043212947831,2.47370959538101,2.33037613241073,2.20706315087292,2.07583966248873
"GCAM 7.1","trn_EVcost-20_241121","South America_Northern","Stocks|Transportation|Light-Duty Vehicle|Two-Wheeler","million",1.83866524170463,2.19188696303509,2.14063803981455,0.812196177166271,0.963684876557874,1.54217883239728,1.64985454383686,1.69723308207099,1.72972758055419,1.75651794014887,1.99594854365902,2.23965323420009
"GCAM 7.1","trn_EVcost-20_241121","South America_Southern","Stocks|Transportation|Light-Duty Vehicle|Two-Wheeler","million",1.7767624625682,2.50680413735153,3.2627815495795,3.33479785676839,4.95010889627488,7.0722663907677,7.23654622961601,7.22909062025758,7.16647326972201,7.07122088755206,7.43562388704593,7.7165440958888
"GCAM 7.1","trn_EVcost-20_241121","South Asia","Stocks|Transportation|Light-Duty Vehicle|Two-Wheeler","million",8.33664817414976,12.3435197820824,17.6117837706337,19.5887351192784,20.1070634446681,20.3824599750378,20.671187969189,20.3574632036918,19.0627517894615,17.7111175275838,16.4036398164959,14.9830843638531
"GCAM 7.1","trn_EVcost-20_241121","South Korea","Stocks|Transportation|Light-Duty Vehicle|Two-Wheeler","million",1.53501272871491,1.6666295484917,1.94178563981444,2.20725106836914,3.328348283922,4.61395006135376,4.83819250573482,4.96205645169637,5.00234144293111,4.97344305158038,4.93379193616606,4.85090397180043
"GCAM 7.1","trn_EVcost-20_241121","Southeast Asia","Stocks|Transportation|Light-Duty Vehicle|Two-Wheeler","million",59.8912824761909,65.8559813727751,85.5450015942719,86.4502272134689,85.4567658558919,83.5976800494181,81.8827851568283,79.2375301574772,74.578790134791,70.347362341346,66.1014670349135,61.6774054863182
"GCAM 7.1","trn_EVcost-20_241121","Taiwan","Stocks|Transportation|Light-Duty Vehicle|Two-Wheeler","million",24.1727415963277,24.141966400628,26.0480316701666,24.6017149348595,23.5022359464253,23.461538591084,22.6018489053833,21.8808383563682,21.0437917586368,20.4661096669132,20.0872395528129,19.6069729460503
"GCAM 7.1","trn_EVcost-20_241121","USA","Stocks|Transportation|Light-Duty Vehicle|Two-Wheeler","million",9.77455180072981,9.83280448463695,10.4185044158866,11.6576762388281,14.1428155904596,21.8622084721561,23.9357448833889,25.9167856576233,27.7836744407425,29.462081548469,31.1811042360781,33.007615421228
"GCAM 7.1","trn_EVcost-20_241121","World","Stocks|Transportation|Light-Duty Vehicle|Two-Wheeler","million",316.812616206591,405.991636939689,533.471713324197,541.505765733175,563.861827713468,608.725462016704,602.725849444634,589.150639764235,566.022740144202,544.228794853201,525.722528011061,504.69838119775
"GCAM 7.1","trn_EVcost-20_241121","Africa_Eastern","Stocks|Transportation|Light-Duty Vehicle|Two-Wheeler|Battery-Electric","million",0,0,0,0,1.36610149922953,3.24111617064231,3.85465892474583,4.28043668438361,4.66385118356161,4.76444616924761,4.76509966018696,4.54375091396841
"GCAM 7.1","trn_EVcost-20_241121","Africa_Northern","Stocks|Transportation|Light-Duty Vehicle|Two-Wheeler|Battery-Electric","million",0,0,0,0,4.36978026085293,6.67663168941727,6.43813590920309,6.04834277020401,5.663578670173,5.20816651706805,4.82335979806273,4.45602685852271
"GCAM 7.1","trn_EVcost-20_241121","Africa_Southern","Stocks|Transportation|Light-Duty Vehicle|Two-Wheeler|Battery-Electric","million",0,0,0,0,0.799340172588806,1.70552611376177,2.01567859610844,2.27899282569324,2.48970103466016,2.5738450962642,2.64091315549646,2.60612186613831
"GCAM 7.1","trn_EVcost-20_241121","Africa_Western","Stocks|Transportation|Light-Duty Vehicle|Two-Wheeler|Battery-Electric","million",0,0,0,0,3.73147588267786,7.20989450225379,7.9303540565653,8.32766234136693,8.58751022770822,8.46731051384164,8.23077520644552,7.75099920636254
"GCAM 7.1","trn_EVcost-20_241121","Argentina","Stocks|Transportation|Light-Duty Vehicle|Two-Wheeler|Battery-Electric","million",0,0,0,0,1.53517807346226,2.85889500274486,2.9242583030049,2.92825028026486,2.90816253704215,2.86783078102427,2.99743508188762,3.10340005833613
"GCAM 7.1","trn_EVcost-20_241121","Australia_NZ","Stocks|Transportation|Light-Duty Vehicle|Two-Wheeler|Battery-Electric","million",0,0,0,0,0.467481093659104,1.18569199851922,1.28805595219208,1.39052303136073,1.49422232799196,1.592093711989,1.69663652229097,1.80322333280448
"GCAM 7.1","trn_EVcost-20_241121","Brazil","Stocks|Transportation|Light-Duty Vehicle|Two-Wheeler|Battery-Electric","million",0,0,0,0,13.4693873263011,20.2659443355353,20.3753722257526,20.3204480041447,19.9778655315426,19.5136591317658,18.9998274781625,18.3136532057619
"GCAM 7.1","trn_EVcost-20_241121","Canada","Stocks|Transportation|Light-Duty Vehicle|Two-Wheeler|Battery-Electric","million",0,0,0,0,0.554797727272727,1.41019318181818,1.55695,1.70749545454545,1.85508636363636,1.99672954545455,2.12462954545455,2.26259545454545
"GCAM 7.1","trn_EVcost-20_241121","Central America and Caribbean","Stocks|Transportation|Light-Duty Vehicle|Two-Wheeler|Battery-Electric","million",0,0,0,0,2.02335001148345,4.1197063259524,4.32177708946005,4.44899472776228,4.55561319515014,4.63621988188681,5.06581914288733,5.45612370957807
"GCAM 7.1","trn_EVcost-20_241121","Central Asia","Stocks|Transportation|Light-Duty Vehicle|Two-Wheeler|Battery-Electric","million",0,0,0,0,2.67907134382474,7.15135023788265,7.91768201487177,8.42060011800269,8.71182977575767,8.80955508384043,9.49469771477736,10.1881084267296
"GCAM 7.1","trn_EVcost-20_241121","China","Stocks|Transportation|Light-Duty Vehicle|Two-Wheeler|Battery-Electric","million",9.44626572706503e-05,0.000194009975222834,0.000281563857515204,0,31.9037230105866,57.0809280175049,54.4665186472311,51.8026836567236,47.4067381021334,44.3324645236027,40.7964732760562,37.4509251214725
"GCAM 7.1","trn_EVcost-20_241121","Colombia","Stocks|Transportation|Light-Duty Vehicle|Two-Wheeler|Battery-Electric","million",0,0,0,0,1.32918352305354,2.54845839390283,2.65879891838004,2.71342223711506,2.74792939997783,2.76906841123341,2.96625219902069,3.13919999675284
"GCAM 7.1","trn_EVcost-20_241121","EU-12","Stocks|Transportation|Light-Duty Vehicle|Two-Wheeler|Battery-Electric","million",0,0,0,0,1.93720285808705,4.78028622136453,4.572561340599,4.40075004884833,4.22050020018516,4.03996622502661,3.90672510502251,3.75819797956747
"GCAM 7.1","trn_EVcost-20_241121","EU-15","Stocks|Transportation|Light-Duty Vehicle|Two-Wheeler|Battery-Electric","million",0,0,0,0,4.85609117032944,13.924215571282,14.4842004810081,15.0319963640828,15.5444184984839,15.9106575510168,16.3220727163136,16.6939942987538
"GCAM 7.1","trn_EVcost-20_241121","Europe_Eastern","Stocks|Transportation|Light-Duty Vehicle|Two-Wheeler|Battery-Electric","million",0,0,0,0,1.35916028894763,3.55973562255103,3.75998797648831,3.85991526491019,3.89942305409148,3.89920995921995,4.22979113658378,4.56479048095061
"GCAM 7.1","trn_EVcost-20_241121","Europe_Non_EU","Stocks|Transportation|Light-Duty Vehicle|Two-Wheeler|Battery-Electric","million",0,0,0,0,0.841932154877353,2.72801213265235,2.95519967835077,3.17744342302974,3.36755246108228,3.51637791935746,3.61278203923674,3.67904033795719
"GCAM 7.1","trn_EVcost-20_241121","European Free Trade Association","Stocks|Transportation|Light-Duty Vehicle|Two-Wheeler|Battery-Electric","million",0,0,0,0,0.173243289287337,0.482524923925695,0.506937072407946,0.529635938123112,0.550458148336355,0.569334092056308,0.589389160732049,0.608410008964642
"GCAM 7.1","trn_EVcost-20_241121","India","Stocks|Transportation|Light-Duty Vehicle|Two-Wheeler|Battery-Electric","million",0,0,0,0,4.05949853402083,21.2081690425639,22.4076601624372,22.0083072153136,21.0956930542918,20.8281939810602,20.0114582280187,19.123782563273
"GCAM 7.1","trn_EVcost-20_241121","Indonesia","Stocks|Transportation|Light-Duty Vehicle|Two-Wheeler|Battery-Electric","million",0,0,0,0,4.06140356910233,21.0570407616665,19.9819061031837,19.7879897700932,18.8526453473328,17.8664422819011,17.2054219904211,16.5023509776263
"GCAM 7.1","trn_EVcost-20_241121","Japan","Stocks|Transportation|Light-Duty Vehicle|Two-Wheeler|Battery-Electric","million",0,0,0,0,3.629212649082,9.09377938338199,9.04936408175385,8.97862126985698,8.93984757757213,8.8148661354976,8.70864057009947,8.58556440837333
"GCAM 7.1","trn_EVcost-20_241121","Mexico","Stocks|Transportation|Light-Duty Vehicle|Two-Wheeler|Battery-Electric","million",0,0,0,0,6.12606557301267,11.5626982050083,11.9293208283099,12.0516656972165,12.0744952611196,12.0265915340001,12.6277037539311,13.1076360235866
"GCAM 7.1","trn_EVcost-20_241121","Middle East","Stocks|Transportation|Light-Duty Vehicle|Two-Wheeler|Battery-Electric","million",0,0,0,0,14.4964,32.1804,32.9230666666667,33.8457333333333,34.2985333333333,34.6028,33.3190666666667,31.6574666666667
"GCAM 7.1","trn_EVcost-20_241121","Pakistan","Stocks|Transportation|Light-Duty Vehicle|Two-Wheeler|Battery-Electric","million",0,0,0,0,1.73038718210671,10.5911418604129,11.6474673449022,12.9294034730405,13.1638362443709,13.0293449677872,12.8650772344886,12.4253062449538
"GCAM 7.1","trn_EVcost-20_241121","Russia","Stocks|Transportation|Light-Duty Vehicle|Two-Wheeler|Battery-Electric","million",0,0,0,0,6.85273329124803,15.3331704491758,15.6326397752965,15.578229551433,15.2791864150554,14.8502974702933,15.3468085209536,15.8735790433709
"GCAM 7.1","trn_EVcost-20_241121","South Africa","Stocks|Transportation|Light-Duty Vehicle|Two-Wheeler|Battery-Electric","million",0,0,0,0,1.90209902958399,2.57201248036906,2.43345819490153,2.27456045236546,2.1243711869125,1.96794534488616,1.85159554503185,1.73020249988471
"GCAM 7.1","trn_EVcost-20_241121","South America_Northern","Stocks|Transportation|Light-Duty Vehicle|Two-Wheeler|Battery-Electric","million",0,0,0,0,0.588941661501841,1.3533001799806,1.46968691627931,1.53443934457429,1.582882912035,1.62287371625843,1.8471915843536,2.07658111039115
"GCAM 7.1","trn_EVcost-20_241121","South America_Southern","Stocks|Transportation|Light-Duty Vehicle|Two-Wheeler|Battery-Electric","million",0,0,0,0,3.33286061599752,6.38730567918127,6.59498794097249,6.65503807576909,6.65513752004247,6.61467790710168,6.96132643777872,7.23270985983206
"GCAM 7.1","trn_EVcost-20_241121","South Asia","Stocks|Transportation|Light-Duty Vehicle|Two-Wheeler|Battery-Electric","million",0,0,0,0,1.09091220277071,6.5522269034192,7.02221474573666,7.46592088723233,7.18071471117921,6.81941945966582,6.58052590235812,6.29290465109435
"GCAM 7.1","trn_EVcost-20_241121","South Korea","Stocks|Transportation|Light-Duty Vehicle|Two-Wheeler|Battery-Electric","million",0,0,0,0,2.13819394091229,4.00631144164994,4.19475833970457,4.29666030726927,4.32422057732023,4.28834960727968,4.25139895655672,4.17815114605015
"GCAM 7.1","trn_EVcost-20_241121","Southeast Asia","Stocks|Transportation|Light-Duty Vehicle|Two-Wheeler|Battery-Electric","million",0,0,0,0,4.93615407946618,27.3489367438412,28.2806760354531,29.7221379705456,28.9473595524551,28.184966130826,27.7755029825094,27.5995012300745
"GCAM 7.1","trn_EVcost-20_241121","Taiwan","Stocks|Transportation|Light-Duty Vehicle|Two-Wheeler|Battery-Electric","million",0,0,0,0,1.32718043126118,8.40565506434619,8.43398247593465,8.88430876477246,8.94890492349499,8.96863750859849,9.21659470110851,9.44642462321388
"GCAM 7.1","trn_EVcost-20_241121","USA","Stocks|Transportation|Light-Duty Vehicle|Two-Wheeler|Battery-Electric","million",0,0,0,0,6.55333439103073,17.8962134433339,19.6182770109472,21.2737320852504,22.8345232429002,24.219472209001,25.6917869797451,27.2788090327357
"GCAM 7.1","trn_EVcost-20_241121","World","Stocks|Transportation|Light-Duty Vehicle|Two-Wheeler|Battery-Electric","million",9.44626572706503e-05,0.000194009975222834,0.000281563857515204,0,136.221876837618,336.477472080042,343.646593808849,348.954341368627,344.94679257093,340.171813368052,337.522778992639,333.489531338294
"GCAM 7.1","trn_EVcost-20_241121","China","Stocks|Transportation|Light-Duty Vehicle|Two-Wheeler|Plug-in Hybrid","million",8.47726614538083,16.9167422852914,24.7662515686842,19.8015509862599,10.3676931492744,4.12375969366412,2.79066319142774,1.69410432152396,0.787221417768768,0,0,0
"GCAM 7.1","trn_EVcost-20_241121","World","Stocks|Transportation|Light-Duty Vehicle|Two-Wheeler|Plug-in Hybrid","million",8.47726614538083,16.9167422852914,24.7662515686842,19.8015509862599,10.3676931492744,4.12375969366412,2.79066319142774,1.69410432152396,0.787221417768768,0,0,0
